imie,nazwisko,email,telefon,pesel
Sonia,Wojtyś,sonia.wojtyś@example.com,835288996,950803979311
Aurelia,Teter,piotr85@ppuh.org,435781195,70081228532
Alan,Strama,volbrych@fpuh.com,131247796,55060682153
Elżbieta,Semik,pawel96@ostapiuk-dziopa.pl,272323125,69061435084
Tadeusz,Wons,wiraszkadorota@lejk.net,771905391,57010997953
Oliwier,Marko,wojciechladniak@yahoo.com,414088909,53080398655
Tomasz,Furga,dariuszmlocek@o2.pl,775091699,74111340587
Blanka,Kinal,trzopgustaw@onet.pl,519712582,37073171616
Wiktor,Kenig,zpacholik@o2.pl,977725803,73072973949
Damian,Łosiak,bieniakjulianna@manista.com,356846166,80051814684
Michał,Domka,cyrulikmarika@ankiewicz.pl,877062737,40121426583
Leonard,Szklarek,fryderyk03@gabinety.net,784200606,55092163646
Szymon,Pietrek,shubert@yahoo.com,444182591,37092450986
Nataniel,Dębniak,klarabojdo@onet.pl,667077832,00070491372
Sara,Kaluga,kzymelka@interia.pl,648469431,49030551823
Gustaw,Mazik,tadeusz29@onet.pl,799794843,58020461034
Kornel,Kwoka,franciszeksteciuk@onet.pl,883449804,06043017957
Olgierd,Młocek,ewabuszka@gmail.com,147295529,56081442625
Nikodem,Kinder,emil11@stowarzyszenie.net,944743804,59110918347
Fabian,Majerczyk,osyldatk@o2.pl,741918354,98102614936
Nikodem,Siemek,apolonia75@swierszcz-duc.com,204728842,50080560447
Franciszek,Waluk,efidura@smykala-kuncewicz.pl,986809100,64031886958
Sandra,Tołoczko,cmlynczak@krzywonos.org,635636115,91060297312
Eliza,Sito,grudolf@okraska-balik.org,726257068,02030383244
Tadeusz,Srokosz,julitawolkowicz@onet.pl,766593192,05033035866
Tomasz,Panasewicz,zkoniecko@gmail.com,562038609,94061217995
Sonia,Hutyra,pacygaleonard@yahoo.com,267503793,05072732893
Olga,Gospodarek,sbeck@gmail.com,469832244,53071386193
Anita,Kuzior,zegadlojuliusz@kroll.pl,087590153,60011126404
Eliza,Bieniak,qfiutak@fundacja.com,641025049,97113012734
Gustaw,Burzawa,ksawery44@gmail.com,222426942,50052768575
Mikołaj,Piątkiewicz,jeremiwalusiak@januchta-drost.net,180781689,34101568892
Wiktor,Podsiedlik,gszara@ppuh.pl,980603099,87070620584
Mateusz,Łabno,ernest58@ppuh.com,043841860,98020292694
Jędrzej,Stwora,chmaramichal@spoldzielnia.com,043855881,60032329212
Arkadiusz,Rogal,radoslaw17@hotmail.com,257059601,46062316805
Stanisław,Kuzior,upowazka@yahoo.com,483854701,02112833276
Sonia,Czenczek,mlabudda@ppuh.pl,931682225,87033088467
Karol,Breguła,jarczykjanina@o2.pl,945235978,05101530022
Gustaw,Kołak,robertszpala@gmail.com,561985410,03060587053
Olga,Marosz,basjanina@onet.pl,271371171,65043021634
Inga,Elias,nmrozowicz@spoldzielnia.com,135449661,36100661745
Marcel,Suszka,michalgadzina@stowarzyszenie.org,766166468,05022396016
Aurelia,Kwarciak,maksymilianmiozga@fundacja.pl,582901731,06060889652
Bianka,Dobosiewicz,imamcarz@gmail.com,492158781,04062618121
Ewa,Korab,jedrzej99@o2.pl,382384371,88040392573
Dagmara,Klupś,emil19@stowarzyszenie.pl,509704445,48031047004
Radosław,Noculak,radamaszek@hotmail.com,496941823,75061559525
Aniela,Łapot,marcelinakrzysztofek@interia.pl,324802107,39030273846
Maks,Siara,asydor@onet.pl,099023629,43010112667
Grzegorz,Brzęk,marcinzywica@yahoo.com,802468000,55021234281
Bartek,Handzel,piotrgornisiewicz@grupa.com,981652236,81072364452
Jacek,Zaniewicz,janina71@grupa.net,508782142,91082640384
Błażej,Buczko,szpalaanna-maria@fpuh.org,552079237,92121836725
Gustaw,Trepka,chachulajulian@yahoo.com,000500953,62052597226
Fryderyk,Sularz,marek04@gmail.com,393812823,87110462162
Aleksander,Durlak,alansado@fpuh.com,311585986,54101227153
Maksymilian,Stochel,apoloniapasciak@gabinety.pl,615093252,49102450814
Gaja,Chwedoruk,jacek62@ppuh.pl,936748043,88022963265
Aniela,Cetera,gtoborek@fundacja.net,116170267,80062172246
Arkadiusz,Borczyk,taczalakarol@steckiewicz.org,252038837,96080870097
Anna Maria,Błaziak,wardziaknikodem@o2.pl,464116646,40101772253
Dawid,Cieciura,adamdrobik@o2.pl,932601190,98022340744
Ewa,Wojczuk,eryk66@natanek.net,556084373,78123050176
Adam,Kopa,dominiknieborak@onet.pl,481086374,78122586235
Gabriel,Pasztaleniec,buczkotobiasz@onet.pl,006751040,37092026082
Marek,Kloch,jakubpawliczek@interia.pl,771196248,72030170473
Andrzej,Misiejuk,delektajustyna@cich-fogiel.com,211683729,97071981874
Anita,Kucewicz,lidiaanton@interia.pl,856001809,38050515895
Mateusz,Matyjaszek,edros@grupa.net,134450733,66071180594
Leonard,Kuciel,maksimowiczkornelia@hotmail.com,429612314,76082221446
Konrad,Bakalarczyk,kocololga@onet.pl,933017091,34061092037
Oskar,Nesterowicz,tslupek@o2.pl,672138405,51081850358
Marek,Wojtyna,olaf29@peciak-jachimczyk.com,893911663,66111476434
Arkadiusz,Baster,blaziakantoni@interia.pl,329352533,42022551823
Paweł,Świtaj,adriannabyra@interia.pl,778949029,46010793795
Tymon,Smykała,xwoszczyna@ppuh.pl,810869562,59100346396
Olaf,Betka,merdamikolaj@yahoo.com,181280455,03072151633
Kazimierz,Siebert,ksawery92@hotmail.com,068819306,79030264577
Oskar,Szmelter,faltynalex@yahoo.com,706795289,41091841324
Rozalia,Działa,bmatyjas@gmail.com,483229483,60040123733
Nela,Kujawiak,darlakbianka@grupa.com,171237142,04061184302
Przemysław,Majczyna,dubistomasz@fundacja.com,435810703,36070496271
Elżbieta,Krenc,krystynamarcinczyk@interia.pl,425688119,36100384023
Patryk,Waluk,tymoteusz44@drobisz.com,274110713,54031050874
Arkadiusz,Salach,marcelinasobilo@gabinety.com,515680612,04122898285
Inga,Maślankiewicz,pierzakadam@ppuh.com,275988840,66050559226
Ada,Staniaszek,bkasperczak@onet.pl,200439693,40013033725
Juliusz,Stypa,liwiapyrz@kunc-lakota.com,160801923,02120454967
Albert,Lampa,malechanikodem@o2.pl,466551017,02061479652
Patryk,Wiencek,smesjasz@interia.pl,262461634,00100584703
Piotr,Elias,oskar87@fpuh.com,106325973,74060189095
Leonard,Nicewicz,urszulalupina@yahoo.com,872772830,65012647743
Marcelina,Szymula,vgolczyk@onet.pl,245885420,74110935295
Marika,Szrama,anastazjaswic@grupa.net,409146232,72101338263
Iwo,Dziedzina,moniuszkosandra@interia.pl,975331440,85092682735
Miłosz,Grosz,elzbieta36@onet.pl,102219889,77021375083
Daniel,Boba,marcin62@hotmail.com,761303558,03060391285
Leon,Mazanek,norbertmorek@fundacja.net,262208027,67033185763
Wojciech,Rzeźniczek,adrianna19@interia.pl,815008654,01041850035
Monika,Sobków,wksiezak@o2.pl,393698447,61030227843
Igor,Wożniak,apiskor@grupa.org,473534567,68071183655
Dorota,Gregorek,metelaurelia@gmail.com,400589204,78040877416
Mieszko,Hołysz,cciolczyk@onet.pl,183355943,71052764025
Błażej,Wojtak,jedrusiakmaks@cichowlas.net,221008109,77042729006
Ryszard,Fudalej,dczermak@grupa.org,505026296,76121040185
Ewelina,Mądro,rgros@klos.pl,140124942,59041861636
Ida,Holc,sebastian15@fundacja.org,291028578,46100491875
Bruno,Skowyra,olesiejukmariusz@smoter.net,990970146,98030366366
Apolonia,Lamch,kornel53@mateusiak.pl,096599131,57090666935
Nicole,Siatka,pdrobny@o2.pl,608657878,69040444506
Justyna,Heba,zagozdamarianna@forma.net,678281795,73032973645
Blanka,Galon,matyszczakaurelia@kukiela.com,936574550,36070488736
Grzegorz,Kurzyna,kalina30@wlizlo-gowin.org,875877504,92120276295
Maksymilian,Flaga,natanielszajda@onet.pl,468428863,04092485976
Dagmara,Moneta,kurzacnatasza@gmail.com,972101238,03022426155
Ryszard,Mueller,sros@hotmail.com,326704860,80121621466
Mateusz,Młynarz,tomaszostasz@fpuh.com,145710932,69103183285
Natasza,Zaniewicz,pawelrobaszkiewicz@trzyna.net,945284616,60101443096
Adrian,Koronkiewicz,julianszczypek@o2.pl,047302688,41062731115
Juliusz,Dawidczyk,tomasz84@interia.pl,209250132,83021528986
Robert,Kretowicz,andrzejniebudek@spoldzielnia.com,176490295,03062431385
Nela,Sadoch,janfijak@fundacja.net,743354151,55062586876
Ewelina,Kłosowicz,palusadam@golota-odrzywolek.pl,312869595,67071667145
Julianna,Bociek,wyrobaszymon@yahoo.com,199395421,93021097836
Cezary,Malcharek,kwojtaszak@o2.pl,326505641,89070795955
Norbert,Browarczyk,idajanczura@gieron.pl,901466563,36090296916
Karol,Noras,krystyna26@grupa.net,277042583,51071594705
Artur,Obst,adriannagorgol@stowarzyszenie.com,819387624,44040414166
Kalina,Michalkiewicz,dawidziemak@gmail.com,255756738,79080393085
Norbert,Malewicz,jansalomon@fundacja.pl,939187175,92070482396
Marianna,Błażejczak,kjosko@stowarzyszenie.com,843294949,77111771845
Alan,Protasiuk,kajetanbazela@fpuh.pl,719234390,06040553336
Leon,Jędra,hgajdzik@spoldzielnia.com,371592550,58051110205
Kamila,Początek,qmatyjas@hotmail.com,957287933,01010514676
Leon,Jamroz,justynaladniak@hotmail.com,690044624,94021575605
Maks,Podsiadła,matusewiczgrzegorz@spoldzielnia.net,206726902,37121263406
Emil,Filas,leszczykolga@interia.pl,312367672,74042196215
Ada,Madejczyk,upastula@interia.pl,040538868,04052296056
Maurycy,Gabrych,kacper20@interia.pl,296153511,76072567424
Aniela,Szczerek,gajasaternus@interia.pl,035941945,84090872575
Radosław,Filas,zacharewiczadrianna@piesik.pl,507235794,45070991954
Franciszek,Panasewicz,leonard64@gmail.com,187309164,55080398445
Albert,Puto,melcermaksymilian@interia.pl,317730902,67010981683
Hubert,Gryka,blanka99@fpuh.org,117803954,43083183724
Wojciech,Such,antonipierchala@onet.pl,284990627,48032792633
Ignacy,Matacz,obork@interia.pl,272694997,98101042744
Ida,Zięcik,kazimierzreich@onet.pl,434868101,04111915563
Kaja,Butrym,xkozka@yahoo.com,061019238,42012542544
Mateusz,Wojtasiewicz,kblasik@grupa.pl,321172808,49100177443
Sandra,Smyl,ukocaj@ppuh.net,147109266,86100326624
Arkadiusz,Hak,julianpacura@fpuh.org,687750723,43111086853
Elżbieta,Pszczółka,adadolega@gladka.org,311499643,67102849604
Sara,Wawrzynowicz,melania07@onet.pl,672473491,77082226153
Klara,Kaźmierczyk,brunoteterycz@grupa.com,206660799,89040241724
Juliusz,Ksel,jstrycharz@gmail.com,669287804,85122294443
Bartek,Gubernat,dklamka@o2.pl,185459408,81122488184
Adam,Drygas,bejgerjulianna@yahoo.com,351657493,44082447133
Inga,Wota,bytneroskar@fundacja.com,384740225,41050286314
Tomasz,Smoter,kchachaj@hotmail.com,556993003,86100619213
Leonard,Błażejczak,sara06@yahoo.com,587812139,76080615784
Patryk,Stachelek,lukasz55@mol.com,887870229,55020349203
Leonard,Bastek,cyprian12@interia.pl,515053575,72042689484
Ewelina,Krzywonos,dominikbany@onet.pl,358170499,62010630483
Patryk,Kiliszek,mieszkoszymkow@ppuh.pl,476559389,88102369464
Kacper,Duży,ornatkonrad@fundacja.com,815438415,51021831113
Paweł,Graboń,nikodemkanarek@fpuh.pl,232558790,74021669864
Kalina,Kuśka,biesagamarcin@gmail.com,486651739,81101429113
Natan,Chojak,radziewiczsylwia@interia.pl,723172130,03050677104
Oliwier,Kochanowicz,cdamps@onet.pl,883938935,91072661653
Jakub,Armata,borkbruno@ppuh.pl,969400752,40052428094
Dariusz,Latacz,julitahadas@gabinety.net,216177935,73112941733
Eliza,Pachla,szymondobron@spoldzielnia.org,713046659,64011165845
Iwo,Żbik,rskupin@interia.pl,235957614,34120249826
Igor,Cyman,jeremirajda@ppuh.org,980207162,79060619477
Natan,Dłubak,huskarina@grupa.pl,956769001,71073149586
Ignacy,Golonko,dzielakdawid@interia.pl,467080644,76071960647
Witold,Pusz,ytabak@yahoo.com,406587759,39042558586
Blanka,Kołaczek,dorotajob@spoldzielnia.pl,532187089,49011688157
Maciej,Graboś,borczykjan@solarek.pl,567676394,93071025696
Igor,Janoszek,wydmuchelzbieta@hotmail.com,149735934,60060298857
Emil,Kustosz,ksaweryhejduk@yahoo.com,753704173,42113098496
Łukasz,Obst,marcelinapronobis@interia.pl,974073600,63121738887
Andrzej,Wlazły,podgornaeliza@onet.pl,533849578,38041043336
Adam,Bronka,stefanpacholik@hotmail.com,458224103,65110337477
Andrzej,Błasik,marcelina36@yahoo.com,518662297,06102179856
Błażej,Niewola,kalina42@hotmail.com,707676783,47030573187
Sandra,Buczma,nteclaw@gmail.com,342296944,76121961736
Ryszard,Stawowczyk,mhonkisz@gmail.com,119472700,73012355097
Kamil,Frycz,piotrhandzel@gabinety.com,707676095,84011239756
Elżbieta,Pochroń,alex88@hotmail.com,155590837,94010171337
Róża,Matejczuk,bpeda@hotmail.com,168966441,81021767266
Krystyna,Bogaczyk,ksawery53@golak-nitek.org,629129513,41091751037
Olgierd,Klemczak,ryszardkamyk@interia.pl,264275668,78051946586
Adrianna,Rodzeń,kierepkaewa@hotmail.com,524603301,70060864747
Arkadiusz,Kohut,nataniel48@yahoo.com,449740072,07051128627
Piotr,Malcherek,msojda@onet.pl,231774652,99011363238
Sonia,Wilusz,karolsykut@hotmail.com,463703312,03031989207
Kamila,Gogacz,patolaewelina@fundacja.pl,688714985,65013110158
Kalina,Białk,kalinakansy@ziola.pl,517823787,6201213644
Krystyna,Maruszczyk,damian69@matulka.pl,058971447,7008198978
Bruno,Brodowicz,bruno.brodowicz@example.com,992719089,75121174035
Ernest,Pacura,ernest.pacura@example.com,764759382,28051919485
Tymon,Korzekwa,tymon.korzekwa@example.com,815659387,80042640800
Tomasz,Szpyra,tomasz.szpyra@example.com,535139332,70050111580
Marika,Kandzia,marika.kandzia@example.com,858398947,90070865939
Aleks,Zacharek,aleks.zacharek@example.com,471122018,23252584834
Przemysław,Baś,przemysław.baś@example.com,751591795,42061004139
Mariusz,Kolka,mariusz.kolka@example.com,123098910,95101539919
Kamila,Walo,kamila.walo@example.com,032173008,93102914133
Wojciech,Kazberuk,wojciech.kazberuk@example.com,087091634,08320679238
Adam,Małysiak,adam.małysiak@example.com,419720769,51100256420
Melania,Jakóbik,melania.jakóbik@example.com,084237594,89091292464
Urszula,Marosz,urszula.marosz@example.com,523376960,04311896020
Adrianna,Morys,adrianna.morys@example.com,789007547,19262263816
Adrian,Kołaczek,adrian.kołaczek@example.com,300891319,50071042173
Ewa,Stein,ewa.stein@example.com,142851240,14112434857
Dariusz,Ankiewicz,dariusz.ankiewicz@example.com,658236940,29120145550
Tomasz,Kurpisz,tomasz.kurpisz@example.com,294568241,08301430421
Angelika,Klus,angelika.klus@example.com,461187755,74072617602
Emil,Grzenia,emil.grzenia@example.com,111330601,85020584774
Janina,Waloszczyk,janina.waloszczyk@example.com,349263511,80120473177
Ewa,Wiaderek,ewa.wiaderek@example.com,213765821,75100729661
Angelika,Jędryczka,angelika.jędryczka@example.com,893055508,44042892698
Gustaw,Gasek,gustaw.gasek@example.com,013204075,18250127587
Fryderyk,Świt,fryderyk.świt@example.com,916348967,92011393006
Grzegorz,Miętus,grzegorz.miętus@example.com,446660223,08282250076
Urszula,Wichłacz,urszula.wichłacz@example.com,560976701,15240820099
Adrian,Stiller,adrian.stiller@example.com,367109795,02240394266
Gustaw,Pasieczna,gustaw.pasieczna@example.com,675375100,44021408995
Przemysław,Olchawa,przemysław.olchawa@example.com,841269611,17120416208
Adrianna,Graś,adrianna.graś@example.com,415115055,10092035192
Julian,Czesak,julian.czesak@example.com,450932271,56032942036
Olgierd,Grzenia,olgierd.grzenia@example.com,529118942,29051123582
Andrzej,Ufnal,andrzej.ufnal@example.com,029061126,84042862961
Radosław,Melaniuk,radosław.melaniuk@example.com,580660657,59120947128
Dominik,Dorawa,dominik.dorawa@example.com,762662375,28100757176
Gabriel,Fedak,gabriel.fedak@example.com,034148926,21121673869
Konstanty,Siedlarz,konstanty.siedlarz@example.com,046896714,47120739106
Wojciech,Honkisz,wojciech.honkisz@example.com,183216448,87062583816
Klara,Szałkiewicz,klara.szałkiewicz@example.com,592211669,28050984574
Urszula,Lisak,urszula.lisak@example.com,707427093,57092576089
Krzysztof,Jaje,krzysztof.jaje@example.com,019044329,35052116759
Ernest,Moroń,ernest.moroń@example.com,728523275,67070876331
Monika,Walencik,monika.walencik@example.com,125023949,05242084568
Róża,Serwa,róża.serwa@example.com,473540002,09112140219
Marianna,Kornek,marianna.kornek@example.com,373591915,82041975404
Angelika,Strojna,angelika.strojna@example.com,853344486,74122253044
Bianka,Szmajda,bianka.szmajda@example.com,067771113,21302526375
Igor,Filusz,igor.filusz@example.com,237324556,85030649836
Gustaw,Gąsienica,gustaw.gąsienica@example.com,844301912,43032234081
Ida,Skotarek,ida.skotarek@example.com,195384331,51032053575
Stefan,Turczyk,stefan.turczyk@example.com,855902622,19100823796
Bruno,Brodowicz,bruno.brodowicz@example.com,992719089,75121174035
Dagmara,Fąferek,dagmara.fąferek@example.com,514296354,17060130536
Cyprian,Deneka,cyprian.deneka@example.com,240598025,76031500309
Bartek,Walenciak,bartek.walenciak@example.com,623762542,08261466061
Błażej,Maraszek,błażej.maraszek@example.com,662082982,54041332305
Alan,Kawulok,alan.kawulok@example.com,197299045,13012707159
Aleks,Pachnik,aleks.pachnik@example.com,526547604,48080387088
Anita,Skałka,anita.skałka@example.com,165700404,04323143886
Cyprian,Chwalisz,cyprian.chwalisz@example.com,539852250,20262009250
Olgierd,Jeske,olgierd.jeske@example.com,962029072,10081974936
Krzysztof,Toczko,krzysztof.toczko@example.com,212918896,45071344066
Konstanty,Rudolf,konstanty.rudolf@example.com,208296570,65052193054
Liwia,Garncarz,liwia.garncarz@example.com,393426197,10281778130
Leon,Sulich,leon.sulich@example.com,465951407,13222143664
Justyna,Wykręt,justyna.wykręt@example.com,592945067,27101301957
Olgierd,Kondej,olgierd.kondej@example.com,705056246,90060726480
Stanisław,Parada,stanisław.parada@example.com,808625911,33020643458
Iwo,Derek,iwo.derek@example.com,782092805,35081379376
Angelika,Sykut,angelika.sykut@example.com,081850116,57042497565
Ida,Mikita,ida.mikita@example.com,220593060,17302060928
Maurycy,Wawrzyk,maurycy.wawrzyk@example.com,599449762,71021143614
Maurycy,Hampel,maurycy.hampel@example.com,269057877,16052786409
Eliza,Wawrzyczek,eliza.wawrzyczek@example.com,702840065,83122622228
Andrzej,Kubaczyk,andrzej.kubaczyk@example.com,033452353,66081775923
Ernest,Sobiło,ernest.sobiło@example.com,622005800,15221619920
Marcin,Piekacz,marcin.piekacz@example.com,953258386,27011169513
Kornelia,Wenzel,kornelia.wenzel@example.com,363769144,59121980993
Lidia,Wacławiak,lidia.wacławiak@example.com,561802606,68041517978
Miłosz,Mueller,miłosz.mueller@example.com,948155257,11312703426
Janina,Zajko,janina.zajko@example.com,860646352,24051695202
Kornelia,Wiertelak,kornelia.wiertelak@example.com,688222323,80110827593
Stefan,Ulfik,stefan.ulfik@example.com,258582684,60111956780
Norbert,Wyroba,norbert.wyroba@example.com,099813998,45082892613
Piotr,Rozmiarek,piotr.rozmiarek@example.com,175947328,21321318205
Leon,Ludwin,leon.ludwin@example.com,640926279,60052819654
Jerzy,Lelito,jerzy.lelito@example.com,148786742,82122952498
Julian,Krzykała,julian.krzykała@example.com,968147314,58041412021
Julianna,Wojtanowicz,julianna.wojtanowicz@example.com,897178551,42040437442
Artur,Kus,artur.kus@example.com,114963562,48071837543
Ernest,Block,ernest.block@example.com,873556456,23091074170
Marcin,Basista,marcin.basista@example.com,316678799,01242568471
Jerzy,Sura,jerzy.sura@example.com,636090614,08220452122
Dariusz,Zimoń,dariusz.zimoń@example.com,802199317,24292808966
Krzysztof,Grupa,krzysztof.grupa@example.com,670636094,88090655573
Łukasz,Andrys,łukasz.andrys@example.com,402926395,66090788181
Dominik,Kurz,dominik.kurz@example.com,727852646,86040485371
Witold,Żyrek,witold.żyrek@example.com,086736347,28072037456
Ada,Pierzak,ada.pierzak@example.com,481025059,13273176363